int	Clinical implications of <e10> warfarin </e10> interactions with five <e22> sedatives </e22> .
int	<e10> Chloral_hydrate </e10> and methaqualone interact pharmacologically with orally administered <e22> anticoagulant_agents </e22> , but the effect is not clinically significant.
int	Chloral_hydrate and <e10> methaqualone </e10> interact pharmacologically with orally administered <e22> anticoagulant_agents </e22> , but the effect is not clinically significant.
int	In vitro interaction of <e10> prostaglandin_F2alpha </e10> and <e20> oxytocin </e20> in placental vessels.
int	Treatment with <e12> antidepressant_drugs </e12> can directly interfere with blood glucose levels or may interact with <e22> hypoglycemic_agents </e22> .
int	Interaction of <e10> ketamine </e10> and <e20> halothane </e20> in rats.
int	<e10> Rifampin </e10> and <e20> warfarin </e20> : a drug interaction.
int	The drug interaction between <e10> warfarin </e10> and <e20> rifampin </e20> is not well known.
int	Interaction of <e10> clindamycin </e10> and <e20> gentamicin </e20> in vitro.
int	Interaction of <e10> gentamycin </e10> and <e20> atracurium </e20> in anaesthetised horses.
int	Drugs and other substances demonstrated to be CYP 3A inhibitors on the basis of clinical studies involving benzodiazepines metabolized similarly to alprazolam or on the basis of in vitro studies with alprazolam or other benzodiazepines (caution is recommended during coadministration with alprazolam ): Available data from clinical studies of benzodiazepines other than alprazolam suggest a possible drug interaction with <e10> alprazolam </e10> for the following: <e20> diltiazem </e20> , isoniazid , macrolide_antibiotics such as erythromycin and clarithromycin , and grapefruit juice.
int	Drugs and other substances demonstrated to be CYP 3A inhibitors on the basis of clinical studies involving benzodiazepines metabolized similarly to alprazolam or on the basis of in vitro studies with alprazolam or other benzodiazepines (caution is recommended during coadministration with alprazolam ): Available data from clinical studies of benzodiazepines other than alprazolam suggest a possible drug interaction with <e10> alprazolam </e10> for the following: diltiazem , <e20> isoniazid </e20> , macrolide_antibiotics such as erythromycin and clarithromycin , and grapefruit juice.
int	Drugs and other substances demonstrated to be CYP 3A inhibitors on the basis of clinical studies involving benzodiazepines metabolized similarly to alprazolam or on the basis of in vitro studies with alprazolam or other benzodiazepines (caution is recommended during coadministration with alprazolam ): Available data from clinical studies of benzodiazepines other than alprazolam suggest a possible drug interaction with <e10> alprazolam </e10> for the following: diltiazem , isoniazid , <e22> macrolide_antibiotics </e22> such as erythromycin and clarithromycin , and grapefruit juice.
int	Drugs and other substances demonstrated to be CYP 3A inhibitors on the basis of clinical studies involving benzodiazepines metabolized similarly to alprazolam or on the basis of in vitro studies with alprazolam or other benzodiazepines (caution is recommended during coadministration with alprazolam ): Available data from clinical studies of benzodiazepines other than alprazolam suggest a possible drug interaction with <e10> alprazolam </e10> for the following: diltiazem , isoniazid , macrolide_antibiotics such as <e20> erythromycin </e20> and clarithromycin , and grapefruit juice.
int	Drugs and other substances demonstrated to be CYP 3A inhibitors on the basis of clinical studies involving benzodiazepines metabolized similarly to alprazolam or on the basis of in vitro studies with alprazolam or other benzodiazepines (caution is recommended during coadministration with alprazolam ): Available data from clinical studies of benzodiazepines other than alprazolam suggest a possible drug interaction with <e10> alprazolam </e10> for the following: diltiazem , isoniazid , macrolide_antibiotics such as erythromycin and <e20> clarithromycin </e20> , and grapefruit juice.
int	Data from in vitro studies of alprazolam suggest a possible drug interaction with <e10> alprazolam </e10> for the following: <e20> sertraline </e20> and paroxetine .
int	Data from in vitro studies of alprazolam suggest a possible drug interaction with <e10> alprazolam </e10> for the following: sertraline and <e20> paroxetine </e20> .
int	Data from in vitro studies of <e12> benzodiazepines </e12> other than alprazolam suggest a possible drug interaction for the following: <e20> ergotamine </e20> , cyclosporine , amiodarone , nicardipine , and nifedipine .
int	Data from in vitro studies of <e12> benzodiazepines </e12> other than alprazolam suggest a possible drug interaction for the following: ergotamine , <e20> cyclosporine </e20> , amiodarone , nicardipine , and nifedipine .
int	Data from in vitro studies of <e12> benzodiazepines </e12> other than alprazolam suggest a possible drug interaction for the following: ergotamine , cyclosporine , <e20> amiodarone </e20> , nicardipine , and nifedipine .
int	Data from in vitro studies of <e12> benzodiazepines </e12> other than alprazolam suggest a possible drug interaction for the following: ergotamine , cyclosporine , amiodarone , <e20> nicardipine </e20> , and nifedipine .
int	Data from in vitro studies of <e12> benzodiazepines </e12> other than alprazolam suggest a possible drug interaction for the following: ergotamine , cyclosporine , amiodarone , nicardipine , and <e20> nifedipine </e20> .
int	Data from in vitro studies of benzodiazepines other than <e10> alprazolam </e10> suggest a possible drug interaction for the following: <e20> ergotamine </e20> , cyclosporine , amiodarone , nicardipine , and nifedipine .
int	Data from in vitro studies of benzodiazepines other than <e10> alprazolam </e10> suggest a possible drug interaction for the following: ergotamine , <e20> cyclosporine </e20> , amiodarone , nicardipine , and nifedipine .
int	Data from in vitro studies of benzodiazepines other than <e10> alprazolam </e10> suggest a possible drug interaction for the following: ergotamine , cyclosporine , <e20> amiodarone </e20> , nicardipine , and nifedipine .
int	Data from in vitro studies of benzodiazepines other than <e10> alprazolam </e10> suggest a possible drug interaction for the following: ergotamine , cyclosporine , amiodarone , <e20> nicardipine </e20> , and nifedipine .
int	Data from in vitro studies of benzodiazepines other than <e10> alprazolam </e10> suggest a possible drug interaction for the following: ergotamine , cyclosporine , amiodarone , nicardipine , and <e20> nifedipine </e20> .
int	In addition to bleeding associated with heparin and vitamin_K_antagonists , drugs that alter platelet function (such as <e10> acetylsalicylic_acid </e10> , dipyridamole and Abciximab ) may increase the risk of bleeding if administered prior to, during, or after <e21> Activase </e21> therapy.
int	<e12> Beta-adrenergic_blocking_agents </e12> may also interact with <e22> sympathomimetics </e22> .
int	<e10> Bentiromide </e10> may interact with <e20> acetaminophen </e20> (e,g,, Tylenol ), chloramphenicol (e,g,, Chloromycetin ), local anesthetics (e,g,, benzocaine and lidocaine ), para-aminobenzoic_acid ( PABA )-containing preparations (e,g,, sunscreens and some multivitamins ), procainamide (e,g,, Pronestyl ), sulfonamides (sulfa medicines), thiazide_diuretics (use of these medicines during the test period will affect the test results), and pancreatic supplements (use of pancreatic supplements may give false test results).
int	<e10> Bentiromide </e10> may interact with acetaminophen (e,g,, <e21> Tylenol </e21> ), chloramphenicol (e,g,, Chloromycetin ), local anesthetics (e,g,, benzocaine and lidocaine ), para-aminobenzoic_acid ( PABA )-containing preparations (e,g,, sunscreens and some multivitamins ), procainamide (e,g,, Pronestyl ), sulfonamides (sulfa medicines), thiazide_diuretics (use of these medicines during the test period will affect the test results), and pancreatic supplements (use of pancreatic supplements may give false test results).
int	<e10> Bentiromide </e10> may interact with acetaminophen (e,g,, Tylenol ), <e20> chloramphenicol </e20> (e,g,, Chloromycetin ), local anesthetics (e,g,, benzocaine and lidocaine ), para-aminobenzoic_acid ( PABA )-containing preparations (e,g,, sunscreens and some multivitamins ), procainamide (e,g,, Pronestyl ), sulfonamides (sulfa medicines), thiazide_diuretics (use of these medicines during the test period will affect the test results), and pancreatic supplements (use of pancreatic supplements may give false test results).
int	<e10> Bentiromide </e10> may interact with acetaminophen (e,g,, Tylenol ), chloramphenicol (e,g,, <e21> Chloromycetin </e21> ), local anesthetics (e,g,, benzocaine and lidocaine ), para-aminobenzoic_acid ( PABA )-containing preparations (e,g,, sunscreens and some multivitamins ), procainamide (e,g,, Pronestyl ), sulfonamides (sulfa medicines), thiazide_diuretics (use of these medicines during the test period will affect the test results), and pancreatic supplements (use of pancreatic supplements may give false test results).
int	<e10> Bentiromide </e10> may interact with acetaminophen (e,g,, Tylenol ), chloramphenicol (e,g,, Chloromycetin ), local <e22> anesthetics </e22> (e,g,, benzocaine and lidocaine ), para-aminobenzoic_acid ( PABA )-containing preparations (e,g,, sunscreens and some multivitamins ), procainamide (e,g,, Pronestyl ), sulfonamides (sulfa medicines), thiazide_diuretics (use of these medicines during the test period will affect the test results), and pancreatic supplements (use of pancreatic supplements may give false test results).
int	<e10> Bentiromide </e10> may interact with acetaminophen (e,g,, Tylenol ), chloramphenicol (e,g,, Chloromycetin ), local anesthetics (e,g,, <e20> benzocaine </e20> and lidocaine ), para-aminobenzoic_acid ( PABA )-containing preparations (e,g,, sunscreens and some multivitamins ), procainamide (e,g,, Pronestyl ), sulfonamides (sulfa medicines), thiazide_diuretics (use of these medicines during the test period will affect the test results), and pancreatic supplements (use of pancreatic supplements may give false test results).
int	<e10> Bentiromide </e10> may interact with acetaminophen (e,g,, Tylenol ), chloramphenicol (e,g,, Chloromycetin ), local anesthetics (e,g,, benzocaine and <e20> lidocaine </e20> ), para-aminobenzoic_acid ( PABA )-containing preparations (e,g,, sunscreens and some multivitamins ), procainamide (e,g,, Pronestyl ), sulfonamides (sulfa medicines), thiazide_diuretics (use of these medicines during the test period will affect the test results), and pancreatic supplements (use of pancreatic supplements may give false test results).
int	<e10> Bentiromide </e10> may interact with acetaminophen (e,g,, Tylenol ), chloramphenicol (e,g,, Chloromycetin ), local anesthetics (e,g,, benzocaine and lidocaine ), <e23> para-aminobenzoic_acid </e23> ( PABA )-containing preparations (e,g,, sunscreens and some multivitamins ), procainamide (e,g,, Pronestyl ), sulfonamides (sulfa medicines), thiazide_diuretics (use of these medicines during the test period will affect the test results), and pancreatic supplements (use of pancreatic supplements may give false test results).
int	<e10> Bentiromide </e10> may interact with acetaminophen (e,g,, Tylenol ), chloramphenicol (e,g,, Chloromycetin ), local anesthetics (e,g,, benzocaine and lidocaine ), para-aminobenzoic_acid ( <e23> PABA </e23> )-containing preparations (e,g,, sunscreens and some multivitamins ), procainamide (e,g,, Pronestyl ), sulfonamides (sulfa medicines), thiazide_diuretics (use of these medicines during the test period will affect the test results), and pancreatic supplements (use of pancreatic supplements may give false test results).
int	<e10> Bentiromide </e10> may interact with acetaminophen (e,g,, Tylenol ), chloramphenicol (e,g,, Chloromycetin ), local anesthetics (e,g,, benzocaine and lidocaine ), para-aminobenzoic_acid ( PABA )-containing preparations (e,g,, sunscreens and some <e22> multivitamins </e22> ), procainamide (e,g,, Pronestyl ), sulfonamides (sulfa medicines), thiazide_diuretics (use of these medicines during the test period will affect the test results), and pancreatic supplements (use of pancreatic supplements may give false test results).
int	<e10> Bentiromide </e10> may interact with acetaminophen (e,g,, Tylenol ), chloramphenicol (e,g,, Chloromycetin ), local anesthetics (e,g,, benzocaine and lidocaine ), para-aminobenzoic_acid ( PABA )-containing preparations (e,g,, sunscreens and some multivitamins ), <e20> procainamide </e20> (e,g,, Pronestyl ), sulfonamides (sulfa medicines), thiazide_diuretics (use of these medicines during the test period will affect the test results), and pancreatic supplements (use of pancreatic supplements may give false test results).
int	<e10> Bentiromide </e10> may interact with acetaminophen (e,g,, Tylenol ), chloramphenicol (e,g,, Chloromycetin ), local anesthetics (e,g,, benzocaine and lidocaine ), para-aminobenzoic_acid ( PABA )-containing preparations (e,g,, sunscreens and some multivitamins ), procainamide (e,g,, <e21> Pronestyl </e21> ), sulfonamides (sulfa medicines), thiazide_diuretics (use of these medicines during the test period will affect the test results), and pancreatic supplements (use of pancreatic supplements may give false test results).
int	<e10> Bentiromide </e10> may interact with acetaminophen (e,g,, Tylenol ), chloramphenicol (e,g,, Chloromycetin ), local anesthetics (e,g,, benzocaine and lidocaine ), para-aminobenzoic_acid ( PABA )-containing preparations (e,g,, sunscreens and some multivitamins ), procainamide (e,g,, Pronestyl ), <e22> sulfonamides </e22> (sulfa medicines), thiazide_diuretics (use of these medicines during the test period will affect the test results), and pancreatic supplements (use of pancreatic supplements may give false test results).
int	<e10> Bentiromide </e10> may interact with acetaminophen (e,g,, Tylenol ), chloramphenicol (e,g,, Chloromycetin ), local anesthetics (e,g,, benzocaine and lidocaine ), para-aminobenzoic_acid ( PABA )-containing preparations (e,g,, sunscreens and some multivitamins ), procainamide (e,g,, Pronestyl ), sulfonamides (sulfa medicines), <e22> thiazide_diuretics </e22> (use of these medicines during the test period will affect the test results), and pancreatic supplements (use of pancreatic supplements may give false test results).
int	<e10> Benzthiazide </e10> may interact with <e20> alcohol </e20> , blood_thinner s, decongestant_drugs (allergy, cold, and sinus medicines), diabetic drugs, lithium , norepinephrine , NSAIDs like Aleve or Ibuprofen , and high blood pressure medications.
int	<e10> Benzthiazide </e10> may interact with alcohol , <e22> blood_thinner </e22> s, decongestant_drugs (allergy, cold, and sinus medicines), diabetic drugs, lithium , norepinephrine , NSAIDs like Aleve or Ibuprofen , and high blood pressure medications.
int	<e10> Benzthiazide </e10> may interact with alcohol , blood_thinner s, <e22> decongestant_drugs </e22> (allergy, cold, and sinus medicines), diabetic drugs, lithium , norepinephrine , NSAIDs like Aleve or Ibuprofen , and high blood pressure medications.
int	<e10> Benzthiazide </e10> may interact with alcohol , blood_thinner s, decongestant_drugs (allergy, cold, and sinus medicines), diabetic drugs, <e20> lithium </e20> , norepinephrine , NSAIDs like Aleve or Ibuprofen , and high blood pressure medications.
int	<e10> Benzthiazide </e10> may interact with alcohol , blood_thinner s, decongestant_drugs (allergy, cold, and sinus medicines), diabetic drugs, lithium , <e20> norepinephrine </e20> , NSAIDs like Aleve or Ibuprofen , and high blood pressure medications.
int	<e10> Benzthiazide </e10> may interact with alcohol , blood_thinner s, decongestant_drugs (allergy, cold, and sinus medicines), diabetic drugs, lithium , norepinephrine , <e22> NSAIDs </e22> like Aleve or Ibuprofen , and high blood pressure medications.
int	<e10> Benzthiazide </e10> may interact with alcohol , blood_thinner s, decongestant_drugs (allergy, cold, and sinus medicines), diabetic drugs, lithium , norepinephrine , NSAIDs like <e21> Aleve </e21> or Ibuprofen , and high blood pressure medications.
int	<e10> Benzthiazide </e10> may interact with alcohol , blood_thinner s, decongestant_drugs (allergy, cold, and sinus medicines), diabetic drugs, lithium , norepinephrine , NSAIDs like Aleve or <e20> Ibuprofen </e20> , and high blood pressure medications.
int	However, in patients treated with oral <e12> carbonic_anhydrase_inhibitors </e12> , rare instances of drug interactions have occurred with high-dose <e22> salicylate </e22> therapy.
int	<e10> Bromocriptine_mesylate </e10> may interact with <e22> dopamine_antagonists </e22> , butyrophenones , and certain other agents.
int	<e10> Bromocriptine_mesylate </e10> may interact with dopamine_antagonists , <e22> butyrophenones </e22> , and certain other agents.
int	Based on anecdotal reports, there may be an interaction between <e10> buprenorphine </e10> and <e22> benzodiazepines </e22> .
int	Therefore, the potential exists for a drug interaction between <e11> WELLBUTRIN </e11> and drugs that affect the CYP2B6 isoenzyme (e,g,, <e20> orphenadrine </e20> and cyclophosphamide ).
int	Therefore, the potential exists for a drug interaction between <e11> WELLBUTRIN </e11> and drugs that affect the CYP2B6 isoenzyme (e,g,, orphenadrine and <e20> cyclophosphamide </e20> ).
int	Clinical studies with <e10> celecoxib </e10> have identified potentially significant interactions with <e20> fluconazole </e20> and lithium .
int	Clinical studies with <e10> celecoxib </e10> have identified potentially significant interactions with fluconazole and <e20> lithium </e20> .
int	Experience with <e12> nonsteroidal_anti-inflammatory_drugs </e12> ( NSAIDs ) suggests the potential for interactions with <e20> furosemide </e20> and ACE_inhibitors .
int	Experience with <e12> nonsteroidal_anti-inflammatory_drugs </e12> ( NSAIDs ) suggests the potential for interactions with furosemide and <e22> ACE_inhibitors </e22> .
int	Experience with nonsteroidal_anti-inflammatory_drugs ( <e12> NSAIDs </e12> ) suggests the potential for interactions with <e20> furosemide </e20> and ACE_inhibitors .
int	Experience with nonsteroidal_anti-inflammatory_drugs ( <e12> NSAIDs </e12> ) suggests the potential for interactions with furosemide and <e22> ACE_inhibitors </e22> .
int	<e10> Chlorotrianisene </e10> may interact with <e22> antidepressants </e22> , aspirin , barbiturates , bromocriptine , calcium supplements, corticosteroids , corticotropin , cyclosporine , dantrolene , nicotine , somatropin , tamoxifen , and warfarin .
int	<e10> Chlorotrianisene </e10> may interact with antidepressants , <e21> aspirin </e21> , barbiturates , bromocriptine , calcium supplements, corticosteroids , corticotropin , cyclosporine , dantrolene , nicotine , somatropin , tamoxifen , and warfarin .
int	<e10> Chlorotrianisene </e10> may interact with antidepressants , aspirin , <e22> barbiturates </e22> , bromocriptine , calcium supplements, corticosteroids , corticotropin , cyclosporine , dantrolene , nicotine , somatropin , tamoxifen , and warfarin .
int	<e10> Chlorotrianisene </e10> may interact with antidepressants , aspirin , barbiturates , <e20> bromocriptine </e20> , calcium supplements, corticosteroids , corticotropin , cyclosporine , dantrolene , nicotine , somatropin , tamoxifen , and warfarin .
int	<e10> Chlorotrianisene </e10> may interact with antidepressants , aspirin , barbiturates , bromocriptine , <e20> calcium </e20> supplements, corticosteroids , corticotropin , cyclosporine , dantrolene , nicotine , somatropin , tamoxifen , and warfarin .
int	<e10> Chlorotrianisene </e10> may interact with antidepressants , aspirin , barbiturates , bromocriptine , calcium supplements, <e22> corticosteroids </e22> , corticotropin , cyclosporine , dantrolene , nicotine , somatropin , tamoxifen , and warfarin .
int	<e10> Chlorotrianisene </e10> may interact with antidepressants , aspirin , barbiturates , bromocriptine , calcium supplements, corticosteroids , <e20> corticotropin </e20> , cyclosporine , dantrolene , nicotine , somatropin , tamoxifen , and warfarin .
int	<e10> Chlorotrianisene </e10> may interact with antidepressants , aspirin , barbiturates , bromocriptine , calcium supplements, corticosteroids , corticotropin , <e20> cyclosporine </e20> , dantrolene , nicotine , somatropin , tamoxifen , and warfarin .
int	<e10> Chlorotrianisene </e10> may interact with antidepressants , aspirin , barbiturates , bromocriptine , calcium supplements, corticosteroids , corticotropin , cyclosporine , <e20> dantrolene </e20> , nicotine , somatropin , tamoxifen , and warfarin .
int	<e10> Chlorotrianisene </e10> may interact with antidepressants , aspirin , barbiturates , bromocriptine , calcium supplements, corticosteroids , corticotropin , cyclosporine , dantrolene , <e20> nicotine </e20> , somatropin , tamoxifen , and warfarin .
int	<e10> Chlorotrianisene </e10> may interact with antidepressants , aspirin , barbiturates , bromocriptine , calcium supplements, corticosteroids , corticotropin , cyclosporine , dantrolene , nicotine , <e20> somatropin </e20> , tamoxifen , and warfarin .
int	<e10> Chlorotrianisene </e10> may interact with antidepressants , aspirin , barbiturates , bromocriptine , calcium supplements, corticosteroids , corticotropin , cyclosporine , dantrolene , nicotine , somatropin , <e20> tamoxifen </e20> , and warfarin .
int	<e10> Chlorotrianisene </e10> may interact with antidepressants , aspirin , barbiturates , bromocriptine , calcium supplements, corticosteroids , corticotropin , cyclosporine , dantrolene , nicotine , somatropin , tamoxifen , and <e20> warfarin </e20> .
int	The extent to which <e12> SSRI </e12> - <e22> TCA </e22> interactions may pose clinical problems will depend on the degree of inhibition and the pharmacokinetics of the SSRI involved.
int	<e11> FLEXERIL </e11> may have life-threatening interactions with <e22> MAO_inhibitors </e22> .
int	Possible drug interactions of <e11> HUMORSOL </e11> with <e20> succinylcholine </e20> or with other anticholinesterase_agents .
int	Possible drug interactions of <e11> HUMORSOL </e11> with succinylcholine or with other <e22> anticholinesterase_agents </e22> .
int	The extent to which <e12> SSRI </e12> - <e22> TCA </e22> interactions may pose clinical problems will depend on the degree of inhibition and the pharmacokinetics of the SSRI involved.
int	<e10> Dexbrompheniramine </e10> can interact with <e20> alcohol </e20> or other CNS_depressants (may potentiate the CNS depressant effects of either these medications or antihistamines ), anticholinergics or other medications with anticholinergic activity (anticholinergic effects may be potentiated when these medications are used concurrently with antihistamines ), and monoamine_oxidase_(MAO)_inhibitors (concurrent use with antihistamines may prolong and intensify the anticholinergic and CNS depressant effects of antihistamines ).
int	<e10> Dexbrompheniramine </e10> can interact with alcohol or other <e22> CNS_depressants </e22> (may potentiate the CNS depressant effects of either these medications or antihistamines ), anticholinergics or other medications with anticholinergic activity (anticholinergic effects may be potentiated when these medications are used concurrently with antihistamines ), and monoamine_oxidase_(MAO)_inhibitors (concurrent use with antihistamines may prolong and intensify the anticholinergic and CNS depressant effects of antihistamines ).
int	<e10> Dexbrompheniramine </e10> can interact with alcohol or other CNS_depressants (may potentiate the CNS depressant effects of either these medications or antihistamines ), <e22> anticholinergics </e22> or other medications with anticholinergic activity (anticholinergic effects may be potentiated when these medications are used concurrently with antihistamines ), and monoamine_oxidase_(MAO)_inhibitors (concurrent use with antihistamines may prolong and intensify the anticholinergic and CNS depressant effects of antihistamines ).
int	<e10> Dexbrompheniramine </e10> can interact with alcohol or other CNS_depressants (may potentiate the CNS depressant effects of either these medications or antihistamines ), anticholinergics or other medications with anticholinergic activity (anticholinergic effects may be potentiated when these medications are used concurrently with antihistamines ), and <e22> monoamine_oxidase_(MAO)_inhibitors </e22> (concurrent use with antihistamines may prolong and intensify the anticholinergic and CNS depressant effects of antihistamines ).
int	conversely, <e10> diethylpropion </e10> may interfere with <e22> antihypertensive_drugs </e22> (i,e,, guanethidine , a-methyldopa ).
int	conversely, <e10> diethylpropion </e10> may interfere with antihypertensive_drugs (i,e,, <e20> guanethidine </e20> , a-methyldopa ).
int	conversely, <e10> diethylpropion </e10> may interfere with antihypertensive_drugs (i,e,, guanethidine , <e20> a-methyldopa </e20> ).
int	A pharmacokinetic interaction between <e10> diltiazem </e10> and <e20> cyclosporine </e20> has been observed during studies involving renal and cardiac transplant patients.
int	<e10> Diphenoxylate_HCl </e10> and atropine_sulfate may interact with <e22> MAO_inhibitors </e22> In studies with male rats, diphenoxylate_hydrochloride was found to inhibit the hepatic microsomal enzyme system at a dose of # mg/kg/day.
int	Diphenoxylate_HCl and <e10> atropine_sulfate </e10> may interact with <e22> MAO_inhibitors </e22> In studies with male rats, diphenoxylate_hydrochloride was found to inhibit the hepatic microsomal enzyme system at a dose of # mg/kg/day.
int	Thus, the interaction observed between <e10> erythromycin </e10> and <e20> terfenadine </e20> is not expected for dirithromycin .
int	Other drugs Drug interactions have been reported with concomitant administration of <e10> erythromycin </e10> and other medications, including <e20> cyclosporine </e20> , hexobarbital , carbamazepine , alfentanil , disopyramide , phenytoin , bromocriptine , valproate , astemizole , and lovastatin .
int	Other drugs Drug interactions have been reported with concomitant administration of <e10> erythromycin </e10> and other medications, including cyclosporine , <e20> hexobarbital </e20> , carbamazepine , alfentanil , disopyramide , phenytoin , bromocriptine , valproate , astemizole , and lovastatin .
int	Other drugs Drug interactions have been reported with concomitant administration of <e10> erythromycin </e10> and other medications, including cyclosporine , hexobarbital , <e20> carbamazepine </e20> , alfentanil , disopyramide , phenytoin , bromocriptine , valproate , astemizole , and lovastatin .
int	Other drugs Drug interactions have been reported with concomitant administration of <e10> erythromycin </e10> and other medications, including cyclosporine , hexobarbital , carbamazepine , <e20> alfentanil </e20> , disopyramide , phenytoin , bromocriptine , valproate , astemizole , and lovastatin .
int	Other drugs Drug interactions have been reported with concomitant administration of <e10> erythromycin </e10> and other medications, including cyclosporine , hexobarbital , carbamazepine , alfentanil , <e20> disopyramide </e20> , phenytoin , bromocriptine , valproate , astemizole , and lovastatin .
int	Other drugs Drug interactions have been reported with concomitant administration of <e10> erythromycin </e10> and other medications, including cyclosporine , hexobarbital , carbamazepine , alfentanil , disopyramide , <e20> phenytoin </e20> , bromocriptine , valproate , astemizole , and lovastatin .
int	Other drugs Drug interactions have been reported with concomitant administration of <e10> erythromycin </e10> and other medications, including cyclosporine , hexobarbital , carbamazepine , alfentanil , disopyramide , phenytoin , <e20> bromocriptine </e20> , valproate , astemizole , and lovastatin .
int	Other drugs Drug interactions have been reported with concomitant administration of <e10> erythromycin </e10> and other medications, including cyclosporine , hexobarbital , carbamazepine , alfentanil , disopyramide , phenytoin , bromocriptine , <e20> valproate </e20> , astemizole , and lovastatin .
int	Other drugs Drug interactions have been reported with concomitant administration of <e10> erythromycin </e10> and other medications, including cyclosporine , hexobarbital , carbamazepine , alfentanil , disopyramide , phenytoin , bromocriptine , valproate , <e20> astemizole </e20> , and lovastatin .
int	Other drugs Drug interactions have been reported with concomitant administration of <e10> erythromycin </e10> and other medications, including cyclosporine , hexobarbital , carbamazepine , alfentanil , disopyramide , phenytoin , bromocriptine , valproate , astemizole , and <e20> lovastatin </e20> .
int	The extent to which <e12> SSRI </e12> - <e22> TCA </e22> interactions may pose clinical problems will depend on the degree of inhibition and the pharmacokinetics of the SSRI involved.
int	There have been reports of interactions of <e10> erythromycin </e10> with <e20> carbamazepine </e20> , cyclosporine , tacrolimus , hexobarbital , phenytoin , alfentanil , cisapride , disopyramide , lovastatin , bromocriptine , valproate , terfenadine , and astemizole .
int	There have been reports of interactions of <e10> erythromycin </e10> with carbamazepine , <e20> cyclosporine </e20> , tacrolimus , hexobarbital , phenytoin , alfentanil , cisapride , disopyramide , lovastatin , bromocriptine , valproate , terfenadine , and astemizole .
int	There have been reports of interactions of <e10> erythromycin </e10> with carbamazepine , cyclosporine , <e20> tacrolimus </e20> , hexobarbital , phenytoin , alfentanil , cisapride , disopyramide , lovastatin , bromocriptine , valproate , terfenadine , and astemizole .
int	There have been reports of interactions of <e10> erythromycin </e10> with carbamazepine , cyclosporine , tacrolimus , <e20> hexobarbital </e20> , phenytoin , alfentanil , cisapride , disopyramide , lovastatin , bromocriptine , valproate , terfenadine , and astemizole .
int	There have been reports of interactions of <e10> erythromycin </e10> with carbamazepine , cyclosporine , tacrolimus , hexobarbital , <e20> phenytoin </e20> , alfentanil , cisapride , disopyramide , lovastatin , bromocriptine , valproate , terfenadine , and astemizole .
int	There have been reports of interactions of <e10> erythromycin </e10> with carbamazepine , cyclosporine , tacrolimus , hexobarbital , phenytoin , <e20> alfentanil </e20> , cisapride , disopyramide , lovastatin , bromocriptine , valproate , terfenadine , and astemizole .
int	There have been reports of interactions of <e10> erythromycin </e10> with carbamazepine , cyclosporine , tacrolimus , hexobarbital , phenytoin , alfentanil , <e20> cisapride </e20> , disopyramide , lovastatin , bromocriptine , valproate , terfenadine , and astemizole .
int	There have been reports of interactions of <e10> erythromycin </e10> with carbamazepine , cyclosporine , tacrolimus , hexobarbital , phenytoin , alfentanil , cisapride , <e20> disopyramide </e20> , lovastatin , bromocriptine , valproate , terfenadine , and astemizole .
int	There have been reports of interactions of <e10> erythromycin </e10> with carbamazepine , cyclosporine , tacrolimus , hexobarbital , phenytoin , alfentanil , cisapride , disopyramide , <e20> lovastatin </e20> , bromocriptine , valproate , terfenadine , and astemizole .
int	There have been reports of interactions of <e10> erythromycin </e10> with carbamazepine , cyclosporine , tacrolimus , hexobarbital , phenytoin , alfentanil , cisapride , disopyramide , lovastatin , <e20> bromocriptine </e20> , valproate , terfenadine , and astemizole .
int	There have been reports of interactions of <e10> erythromycin </e10> with carbamazepine , cyclosporine , tacrolimus , hexobarbital , phenytoin , alfentanil , cisapride , disopyramide , lovastatin , bromocriptine , <e20> valproate </e20> , terfenadine , and astemizole .
int	There have been reports of interactions of <e10> erythromycin </e10> with carbamazepine , cyclosporine , tacrolimus , hexobarbital , phenytoin , alfentanil , cisapride , disopyramide , lovastatin , bromocriptine , valproate , <e20> terfenadine </e20> , and astemizole .
int	There have been reports of interactions of <e10> erythromycin </e10> with carbamazepine , cyclosporine , tacrolimus , hexobarbital , phenytoin , alfentanil , cisapride , disopyramide , lovastatin , bromocriptine , valproate , terfenadine , and <e20> astemizole </e20> .
int	Since <e11> Zarontin </e11> ( ethosuximide ) may interact with concurrently administered <e22> antiepileptic_drugs </e22> , periodic serum level determinations of these drugs may be necessary (eg, ethosuximide may elevate phenytoin serum levels and valproic_acid has been reported to both increase and decrease ethosuximide levels).
int	Since Zarontin ( <e10> ethosuximide </e10> ) may interact with concurrently administered <e22> antiepileptic_drugs </e22> , periodic serum level determinations of these drugs may be necessary (eg, ethosuximide may elevate phenytoin serum levels and valproic_acid has been reported to both increase and decrease ethosuximide levels).
int	A two-way interaction between the <e12> hydantoin_antiepileptic </e12> , <e20> phenytoin </e20> , and the coumarin_anticoagulant s has been suggested.
int	A two-way interaction between the <e12> hydantoin_antiepileptic </e12> , phenytoin , and the <e22> coumarin_anticoagulant </e22> s has been suggested.
int	<e10> Etonogestrel </e10> may interact with the following medications: <e20> acetaminophen </e20> ( Tylenol ), antibiotics such as ampicillin and tetracycline , anticonvulsants ( Dilantin , Phenobarbital , Tegretol , Trileptal , Topamax , Felbatol ), antifungals ( Gris-PEG , Nizoral , Sporanox ), atorvastatin ( Lipitor ), clofibrate ( Atromid-S ), cyclosporine ( Neoral , Sandimmune ), HIV drugs classified as protease_inhibitors ( Agenerase , Crixivan , Fortovase , Invirase , Kaletra , Norvir , Viracept ), morphine ( Astramorph , Kadian , MS_Contin ), phenylbutazone , prednisolone ( Prelone ), rifadin ( rifampin ), St, Johns wort, temazepam , theophylline ( Theo-Dur ), and vitamin_C .
int	<e10> Etonogestrel </e10> may interact with the following medications: acetaminophen ( <e21> Tylenol </e21> ), antibiotics such as ampicillin and tetracycline , anticonvulsants ( Dilantin , Phenobarbital , Tegretol , Trileptal , Topamax , Felbatol ), antifungals ( Gris-PEG , Nizoral , Sporanox ), atorvastatin ( Lipitor ), clofibrate ( Atromid-S ), cyclosporine ( Neoral , Sandimmune ), HIV drugs classified as protease_inhibitors ( Agenerase , Crixivan , Fortovase , Invirase , Kaletra , Norvir , Viracept ), morphine ( Astramorph , Kadian , MS_Contin ), phenylbutazone , prednisolone ( Prelone ), rifadin ( rifampin ), St, Johns wort, temazepam , theophylline ( Theo-Dur ), and vitamin_C .
int	<e10> Etonogestrel </e10> may interact with the following medications: acetaminophen ( Tylenol ), <e22> antibiotics </e22> such as ampicillin and tetracycline , anticonvulsants ( Dilantin , Phenobarbital , Tegretol , Trileptal , Topamax , Felbatol ), antifungals ( Gris-PEG , Nizoral , Sporanox ), atorvastatin ( Lipitor ), clofibrate ( Atromid-S ), cyclosporine ( Neoral , Sandimmune ), HIV drugs classified as protease_inhibitors ( Agenerase , Crixivan , Fortovase , Invirase , Kaletra , Norvir , Viracept ), morphine ( Astramorph , Kadian , MS_Contin ), phenylbutazone , prednisolone ( Prelone ), rifadin ( rifampin ), St, Johns wort, temazepam , theophylline ( Theo-Dur ), and vitamin_C .
int	<e10> Etonogestrel </e10> may interact with the following medications: acetaminophen ( Tylenol ), antibiotics such as <e20> ampicillin </e20> and tetracycline , anticonvulsants ( Dilantin , Phenobarbital , Tegretol , Trileptal , Topamax , Felbatol ), antifungals ( Gris-PEG , Nizoral , Sporanox ), atorvastatin ( Lipitor ), clofibrate ( Atromid-S ), cyclosporine ( Neoral , Sandimmune ), HIV drugs classified as protease_inhibitors ( Agenerase , Crixivan , Fortovase , Invirase , Kaletra , Norvir , Viracept ), morphine ( Astramorph , Kadian , MS_Contin ), phenylbutazone , prednisolone ( Prelone ), rifadin ( rifampin ), St, Johns wort, temazepam , theophylline ( Theo-Dur ), and vitamin_C .
int	<e10> Etonogestrel </e10> may interact with the following medications: acetaminophen ( Tylenol ), antibiotics such as ampicillin and <e20> tetracycline </e20> , anticonvulsants ( Dilantin , Phenobarbital , Tegretol , Trileptal , Topamax , Felbatol ), antifungals ( Gris-PEG , Nizoral , Sporanox ), atorvastatin ( Lipitor ), clofibrate ( Atromid-S ), cyclosporine ( Neoral , Sandimmune ), HIV drugs classified as protease_inhibitors ( Agenerase , Crixivan , Fortovase , Invirase , Kaletra , Norvir , Viracept ), morphine ( Astramorph , Kadian , MS_Contin ), phenylbutazone , prednisolone ( Prelone ), rifadin ( rifampin ), St, Johns wort, temazepam , theophylline ( Theo-Dur ), and vitamin_C .
int	<e10> Etonogestrel </e10> may interact with the following medications: acetaminophen ( Tylenol ), antibiotics such as ampicillin and tetracycline , <e22> anticonvulsants </e22> ( Dilantin , Phenobarbital , Tegretol , Trileptal , Topamax , Felbatol ), antifungals ( Gris-PEG , Nizoral , Sporanox ), atorvastatin ( Lipitor ), clofibrate ( Atromid-S ), cyclosporine ( Neoral , Sandimmune ), HIV drugs classified as protease_inhibitors ( Agenerase , Crixivan , Fortovase , Invirase , Kaletra , Norvir , Viracept ), morphine ( Astramorph , Kadian , MS_Contin ), phenylbutazone , prednisolone ( Prelone ), rifadin ( rifampin ), St, Johns wort, temazepam , theophylline ( Theo-Dur ), and vitamin_C .
int	<e10> Etonogestrel </e10> may interact with the following medications: acetaminophen ( Tylenol ), antibiotics such as ampicillin and tetracycline , anticonvulsants ( <e21> Dilantin </e21> , Phenobarbital , Tegretol , Trileptal , Topamax , Felbatol ), antifungals ( Gris-PEG , Nizoral , Sporanox ), atorvastatin ( Lipitor ), clofibrate ( Atromid-S ), cyclosporine ( Neoral , Sandimmune ), HIV drugs classified as protease_inhibitors ( Agenerase , Crixivan , Fortovase , Invirase , Kaletra , Norvir , Viracept ), morphine ( Astramorph , Kadian , MS_Contin ), phenylbutazone , prednisolone ( Prelone ), rifadin ( rifampin ), St, Johns wort, temazepam , theophylline ( Theo-Dur ), and vitamin_C .
int	<e10> Etonogestrel </e10> may interact with the following medications: acetaminophen ( Tylenol ), antibiotics such as ampicillin and tetracycline , anticonvulsants ( Dilantin , <e20> Phenobarbital </e20> , Tegretol , Trileptal , Topamax , Felbatol ), antifungals ( Gris-PEG , Nizoral , Sporanox ), atorvastatin ( Lipitor ), clofibrate ( Atromid-S ), cyclosporine ( Neoral , Sandimmune ), HIV drugs classified as protease_inhibitors ( Agenerase , Crixivan , Fortovase , Invirase , Kaletra , Norvir , Viracept ), morphine ( Astramorph , Kadian , MS_Contin ), phenylbutazone , prednisolone ( Prelone ), rifadin ( rifampin ), St, Johns wort, temazepam , theophylline ( Theo-Dur ), and vitamin_C .
int	<e10> Etonogestrel </e10> may interact with the following medications: acetaminophen ( Tylenol ), antibiotics such as ampicillin and tetracycline , anticonvulsants ( Dilantin , Phenobarbital , <e21> Tegretol </e21> , Trileptal , Topamax , Felbatol ), antifungals ( Gris-PEG , Nizoral , Sporanox ), atorvastatin ( Lipitor ), clofibrate ( Atromid-S ), cyclosporine ( Neoral , Sandimmune ), HIV drugs classified as protease_inhibitors ( Agenerase , Crixivan , Fortovase , Invirase , Kaletra , Norvir , Viracept ), morphine ( Astramorph , Kadian , MS_Contin ), phenylbutazone , prednisolone ( Prelone ), rifadin ( rifampin ), St, Johns wort, temazepam , theophylline ( Theo-Dur ), and vitamin_C .
int	<e10> Etonogestrel </e10> may interact with the following medications: acetaminophen ( Tylenol ), antibiotics such as ampicillin and tetracycline , anticonvulsants ( Dilantin , Phenobarbital , Tegretol , <e21> Trileptal </e21> , Topamax , Felbatol ), antifungals ( Gris-PEG , Nizoral , Sporanox ), atorvastatin ( Lipitor ), clofibrate ( Atromid-S ), cyclosporine ( Neoral , Sandimmune ), HIV drugs classified as protease_inhibitors ( Agenerase , Crixivan , Fortovase , Invirase , Kaletra , Norvir , Viracept ), morphine ( Astramorph , Kadian , MS_Contin ), phenylbutazone , prednisolone ( Prelone ), rifadin ( rifampin ), St, Johns wort, temazepam , theophylline ( Theo-Dur ), and vitamin_C .
int	<e10> Etonogestrel </e10> may interact with the following medications: acetaminophen ( Tylenol ), antibiotics such as ampicillin and tetracycline , anticonvulsants ( Dilantin , Phenobarbital , Tegretol , Trileptal , <e21> Topamax </e21> , Felbatol ), antifungals ( Gris-PEG , Nizoral , Sporanox ), atorvastatin ( Lipitor ), clofibrate ( Atromid-S ), cyclosporine ( Neoral , Sandimmune ), HIV drugs classified as protease_inhibitors ( Agenerase , Crixivan , Fortovase , Invirase , Kaletra , Norvir , Viracept ), morphine ( Astramorph , Kadian , MS_Contin ), phenylbutazone , prednisolone ( Prelone ), rifadin ( rifampin ), St, Johns wort, temazepam , theophylline ( Theo-Dur ), and vitamin_C .
int	<e10> Etonogestrel </e10> may interact with the following medications: acetaminophen ( Tylenol ), antibiotics such as ampicillin and tetracycline , anticonvulsants ( Dilantin , Phenobarbital , Tegretol , Trileptal , Topamax , <e21> Felbatol </e21> ), antifungals ( Gris-PEG , Nizoral , Sporanox ), atorvastatin ( Lipitor ), clofibrate ( Atromid-S ), cyclosporine ( Neoral , Sandimmune ), HIV drugs classified as protease_inhibitors ( Agenerase , Crixivan , Fortovase , Invirase , Kaletra , Norvir , Viracept ), morphine ( Astramorph , Kadian , MS_Contin ), phenylbutazone , prednisolone ( Prelone ), rifadin ( rifampin ), St, Johns wort, temazepam , theophylline ( Theo-Dur ), and vitamin_C .
int	<e10> Etonogestrel </e10> may interact with the following medications: acetaminophen ( Tylenol ), antibiotics such as ampicillin and tetracycline , anticonvulsants ( Dilantin , Phenobarbital , Tegretol , Trileptal , Topamax , Felbatol ), <e22> antifungals </e22> ( Gris-PEG , Nizoral , Sporanox ), atorvastatin ( Lipitor ), clofibrate ( Atromid-S ), cyclosporine ( Neoral , Sandimmune ), HIV drugs classified as protease_inhibitors ( Agenerase , Crixivan , Fortovase , Invirase , Kaletra , Norvir , Viracept ), morphine ( Astramorph , Kadian , MS_Contin ), phenylbutazone , prednisolone ( Prelone ), rifadin ( rifampin ), St, Johns wort, temazepam , theophylline ( Theo-Dur ), and vitamin_C .
int	<e10> Etonogestrel </e10> may interact with the following medications: acetaminophen ( Tylenol ), antibiotics such as ampicillin and tetracycline , anticonvulsants ( Dilantin , Phenobarbital , Tegretol , Trileptal , Topamax , Felbatol ), antifungals ( <e21> Gris-PEG </e21> , Nizoral , Sporanox ), atorvastatin ( Lipitor ), clofibrate ( Atromid-S ), cyclosporine ( Neoral , Sandimmune ), HIV drugs classified as protease_inhibitors ( Agenerase , Crixivan , Fortovase , Invirase , Kaletra , Norvir , Viracept ), morphine ( Astramorph , Kadian , MS_Contin ), phenylbutazone , prednisolone ( Prelone ), rifadin ( rifampin ), St, Johns wort, temazepam , theophylline ( Theo-Dur ), and vitamin_C .
int	<e10> Etonogestrel </e10> may interact with the following medications: acetaminophen ( Tylenol ), antibiotics such as ampicillin and tetracycline , anticonvulsants ( Dilantin , Phenobarbital , Tegretol , Trileptal , Topamax , Felbatol ), antifungals ( Gris-PEG , <e21> Nizoral </e21> , Sporanox ), atorvastatin ( Lipitor ), clofibrate ( Atromid-S ), cyclosporine ( Neoral , Sandimmune ), HIV drugs classified as protease_inhibitors ( Agenerase , Crixivan , Fortovase , Invirase , Kaletra , Norvir , Viracept ), morphine ( Astramorph , Kadian , MS_Contin ), phenylbutazone , prednisolone ( Prelone ), rifadin ( rifampin ), St, Johns wort, temazepam , theophylline ( Theo-Dur ), and vitamin_C .
int	<e10> Etonogestrel </e10> may interact with the following medications: acetaminophen ( Tylenol ), antibiotics such as ampicillin and tetracycline , anticonvulsants ( Dilantin , Phenobarbital , Tegretol , Trileptal , Topamax , Felbatol ), antifungals ( Gris-PEG , Nizoral , <e21> Sporanox </e21> ), atorvastatin ( Lipitor ), clofibrate ( Atromid-S ), cyclosporine ( Neoral , Sandimmune ), HIV drugs classified as protease_inhibitors ( Agenerase , Crixivan , Fortovase , Invirase , Kaletra , Norvir , Viracept ), morphine ( Astramorph , Kadian , MS_Contin ), phenylbutazone , prednisolone ( Prelone ), rifadin ( rifampin ), St, Johns wort, temazepam , theophylline ( Theo-Dur ), and vitamin_C .
int	<e10> Etonogestrel </e10> may interact with the following medications: acetaminophen ( Tylenol ), antibiotics such as ampicillin and tetracycline , anticonvulsants ( Dilantin , Phenobarbital , Tegretol , Trileptal , Topamax , Felbatol ), antifungals ( Gris-PEG , Nizoral , Sporanox ), <e20> atorvastatin </e20> ( Lipitor ), clofibrate ( Atromid-S ), cyclosporine ( Neoral , Sandimmune ), HIV drugs classified as protease_inhibitors ( Agenerase , Crixivan , Fortovase , Invirase , Kaletra , Norvir , Viracept ), morphine ( Astramorph , Kadian , MS_Contin ), phenylbutazone , prednisolone ( Prelone ), rifadin ( rifampin ), St, Johns wort, temazepam , theophylline ( Theo-Dur ), and vitamin_C .
int	<e10> Etonogestrel </e10> may interact with the following medications: acetaminophen ( Tylenol ), antibiotics such as ampicillin and tetracycline , anticonvulsants ( Dilantin , Phenobarbital , Tegretol , Trileptal , Topamax , Felbatol ), antifungals ( Gris-PEG , Nizoral , Sporanox ), atorvastatin ( <e21> Lipitor </e21> ), clofibrate ( Atromid-S ), cyclosporine ( Neoral , Sandimmune ), HIV drugs classified as protease_inhibitors ( Agenerase , Crixivan , Fortovase , Invirase , Kaletra , Norvir , Viracept ), morphine ( Astramorph , Kadian , MS_Contin ), phenylbutazone , prednisolone ( Prelone ), rifadin ( rifampin ), St, Johns wort, temazepam , theophylline ( Theo-Dur ), and vitamin_C .
int	<e10> Etonogestrel </e10> may interact with the following medications: acetaminophen ( Tylenol ), antibiotics such as ampicillin and tetracycline , anticonvulsants ( Dilantin , Phenobarbital , Tegretol , Trileptal , Topamax , Felbatol ), antifungals ( Gris-PEG , Nizoral , Sporanox ), atorvastatin ( Lipitor ), <e20> clofibrate </e20> ( Atromid-S ), cyclosporine ( Neoral , Sandimmune ), HIV drugs classified as protease_inhibitors ( Agenerase , Crixivan , Fortovase , Invirase , Kaletra , Norvir , Viracept ), morphine ( Astramorph , Kadian , MS_Contin ), phenylbutazone , prednisolone ( Prelone ), rifadin ( rifampin ), St, Johns wort, temazepam , theophylline ( Theo-Dur ), and vitamin_C .
int	<e10> Etonogestrel </e10> may interact with the following medications: acetaminophen ( Tylenol ), antibiotics such as ampicillin and tetracycline , anticonvulsants ( Dilantin , Phenobarbital , Tegretol , Trileptal , Topamax , Felbatol ), antifungals ( Gris-PEG , Nizoral , Sporanox ), atorvastatin ( Lipitor ), clofibrate ( <e21> Atromid-S </e21> ), cyclosporine ( Neoral , Sandimmune ), HIV drugs classified as protease_inhibitors ( Agenerase , Crixivan , Fortovase , Invirase , Kaletra , Norvir , Viracept ), morphine ( Astramorph , Kadian , MS_Contin ), phenylbutazone , prednisolone ( Prelone ), rifadin ( rifampin ), St, Johns wort, temazepam , theophylline ( Theo-Dur ), and vitamin_C .
int	<e10> Etonogestrel </e10> may interact with the following medications: acetaminophen ( Tylenol ), antibiotics such as ampicillin and tetracycline , anticonvulsants ( Dilantin , Phenobarbital , Tegretol , Trileptal , Topamax , Felbatol ), antifungals ( Gris-PEG , Nizoral , Sporanox ), atorvastatin ( Lipitor ), clofibrate ( Atromid-S ), <e20> cyclosporine </e20> ( Neoral , Sandimmune ), HIV drugs classified as protease_inhibitors ( Agenerase , Crixivan , Fortovase , Invirase , Kaletra , Norvir , Viracept ), morphine ( Astramorph , Kadian , MS_Contin ), phenylbutazone , prednisolone ( Prelone ), rifadin ( rifampin ), St, Johns wort, temazepam , theophylline ( Theo-Dur ), and vitamin_C .
int	<e10> Etonogestrel </e10> may interact with the following medications: acetaminophen ( Tylenol ), antibiotics such as ampicillin and tetracycline , anticonvulsants ( Dilantin , Phenobarbital , Tegretol , Trileptal , Topamax , Felbatol ), antifungals ( Gris-PEG , Nizoral , Sporanox ), atorvastatin ( Lipitor ), clofibrate ( Atromid-S ), cyclosporine ( <e21> Neoral </e21> , Sandimmune ), HIV drugs classified as protease_inhibitors ( Agenerase , Crixivan , Fortovase , Invirase , Kaletra , Norvir , Viracept ), morphine ( Astramorph , Kadian , MS_Contin ), phenylbutazone , prednisolone ( Prelone ), rifadin ( rifampin ), St, Johns wort, temazepam , theophylline ( Theo-Dur ), and vitamin_C .
int	<e10> Etonogestrel </e10> may interact with the following medications: acetaminophen ( Tylenol ), antibiotics such as ampicillin and tetracycline , anticonvulsants ( Dilantin , Phenobarbital , Tegretol , Trileptal , Topamax , Felbatol ), antifungals ( Gris-PEG , Nizoral , Sporanox ), atorvastatin ( Lipitor ), clofibrate ( Atromid-S ), cyclosporine ( Neoral , <e21> Sandimmune </e21> ), HIV drugs classified as protease_inhibitors ( Agenerase , Crixivan , Fortovase , Invirase , Kaletra , Norvir , Viracept ), morphine ( Astramorph , Kadian , MS_Contin ), phenylbutazone , prednisolone ( Prelone ), rifadin ( rifampin ), St, Johns wort, temazepam , theophylline ( Theo-Dur ), and vitamin_C .
int	<e10> Etonogestrel </e10> may interact with the following medications: acetaminophen ( Tylenol ), antibiotics such as ampicillin and tetracycline , anticonvulsants ( Dilantin , Phenobarbital , Tegretol , Trileptal , Topamax , Felbatol ), antifungals ( Gris-PEG , Nizoral , Sporanox ), atorvastatin ( Lipitor ), clofibrate ( Atromid-S ), cyclosporine ( Neoral , Sandimmune ), HIV drugs classified as <e22> protease_inhibitors </e22> ( Agenerase , Crixivan , Fortovase , Invirase , Kaletra , Norvir , Viracept ), morphine ( Astramorph , Kadian , MS_Contin ), phenylbutazone , prednisolone ( Prelone ), rifadin ( rifampin ), St, Johns wort, temazepam , theophylline ( Theo-Dur ), and vitamin_C .
int	<e10> Etonogestrel </e10> may interact with the following medications: acetaminophen ( Tylenol ), antibiotics such as ampicillin and tetracycline , anticonvulsants ( Dilantin , Phenobarbital , Tegretol , Trileptal , Topamax , Felbatol ), antifungals ( Gris-PEG , Nizoral , Sporanox ), atorvastatin ( Lipitor ), clofibrate ( Atromid-S ), cyclosporine ( Neoral , Sandimmune ), HIV drugs classified as protease_inhibitors ( <e21> Agenerase </e21> , Crixivan , Fortovase , Invirase , Kaletra , Norvir , Viracept ), morphine ( Astramorph , Kadian , MS_Contin ), phenylbutazone , prednisolone ( Prelone ), rifadin ( rifampin ), St, Johns wort, temazepam , theophylline ( Theo-Dur ), and vitamin_C .
int	<e10> Etonogestrel </e10> may interact with the following medications: acetaminophen ( Tylenol ), antibiotics such as ampicillin and tetracycline , anticonvulsants ( Dilantin , Phenobarbital , Tegretol , Trileptal , Topamax , Felbatol ), antifungals ( Gris-PEG , Nizoral , Sporanox ), atorvastatin ( Lipitor ), clofibrate ( Atromid-S ), cyclosporine ( Neoral , Sandimmune ), HIV drugs classified as protease_inhibitors ( Agenerase , <e21> Crixivan </e21> , Fortovase , Invirase , Kaletra , Norvir , Viracept ), morphine ( Astramorph , Kadian , MS_Contin ), phenylbutazone , prednisolone ( Prelone ), rifadin ( rifampin ), St, Johns wort, temazepam , theophylline ( Theo-Dur ), and vitamin_C .
int	<e10> Etonogestrel </e10> may interact with the following medications: acetaminophen ( Tylenol ), antibiotics such as ampicillin and tetracycline , anticonvulsants ( Dilantin , Phenobarbital , Tegretol , Trileptal , Topamax , Felbatol ), antifungals ( Gris-PEG , Nizoral , Sporanox ), atorvastatin ( Lipitor ), clofibrate ( Atromid-S ), cyclosporine ( Neoral , Sandimmune ), HIV drugs classified as protease_inhibitors ( Agenerase , Crixivan , <e21> Fortovase </e21> , Invirase , Kaletra , Norvir , Viracept ), morphine ( Astramorph , Kadian , MS_Contin ), phenylbutazone , prednisolone ( Prelone ), rifadin ( rifampin ), St, Johns wort, temazepam , theophylline ( Theo-Dur ), and vitamin_C .
int	<e10> Etonogestrel </e10> may interact with the following medications: acetaminophen ( Tylenol ), antibiotics such as ampicillin and tetracycline , anticonvulsants ( Dilantin , Phenobarbital , Tegretol , Trileptal , Topamax , Felbatol ), antifungals ( Gris-PEG , Nizoral , Sporanox ), atorvastatin ( Lipitor ), clofibrate ( Atromid-S ), cyclosporine ( Neoral , Sandimmune ), HIV drugs classified as protease_inhibitors ( Agenerase , Crixivan , Fortovase , <e21> Invirase </e21> , Kaletra , Norvir , Viracept ), morphine ( Astramorph , Kadian , MS_Contin ), phenylbutazone , prednisolone ( Prelone ), rifadin ( rifampin ), St, Johns wort, temazepam , theophylline ( Theo-Dur ), and vitamin_C .
int	<e10> Etonogestrel </e10> may interact with the following medications: acetaminophen ( Tylenol ), antibiotics such as ampicillin and tetracycline , anticonvulsants ( Dilantin , Phenobarbital , Tegretol , Trileptal , Topamax , Felbatol ), antifungals ( Gris-PEG , Nizoral , Sporanox ), atorvastatin ( Lipitor ), clofibrate ( Atromid-S ), cyclosporine ( Neoral , Sandimmune ), HIV drugs classified as protease_inhibitors ( Agenerase , Crixivan , Fortovase , Invirase , <e21> Kaletra </e21> , Norvir , Viracept ), morphine ( Astramorph , Kadian , MS_Contin ), phenylbutazone , prednisolone ( Prelone ), rifadin ( rifampin ), St, Johns wort, temazepam , theophylline ( Theo-Dur ), and vitamin_C .
int	<e10> Etonogestrel </e10> may interact with the following medications: acetaminophen ( Tylenol ), antibiotics such as ampicillin and tetracycline , anticonvulsants ( Dilantin , Phenobarbital , Tegretol , Trileptal , Topamax , Felbatol ), antifungals ( Gris-PEG , Nizoral , Sporanox ), atorvastatin ( Lipitor ), clofibrate ( Atromid-S ), cyclosporine ( Neoral , Sandimmune ), HIV drugs classified as protease_inhibitors ( Agenerase , Crixivan , Fortovase , Invirase , Kaletra , <e21> Norvir </e21> , Viracept ), morphine ( Astramorph , Kadian , MS_Contin ), phenylbutazone , prednisolone ( Prelone ), rifadin ( rifampin ), St, Johns wort, temazepam , theophylline ( Theo-Dur ), and vitamin_C .
int	<e10> Etonogestrel </e10> may interact with the following medications: acetaminophen ( Tylenol ), antibiotics such as ampicillin and tetracycline , anticonvulsants ( Dilantin , Phenobarbital , Tegretol , Trileptal , Topamax , Felbatol ), antifungals ( Gris-PEG , Nizoral , Sporanox ), atorvastatin ( Lipitor ), clofibrate ( Atromid-S ), cyclosporine ( Neoral , Sandimmune ), HIV drugs classified as protease_inhibitors ( Agenerase , Crixivan , Fortovase , Invirase , Kaletra , Norvir , <e21> Viracept </e21> ), morphine ( Astramorph , Kadian , MS_Contin ), phenylbutazone , prednisolone ( Prelone ), rifadin ( rifampin ), St, Johns wort, temazepam , theophylline ( Theo-Dur ), and vitamin_C .
int	<e10> Etonogestrel </e10> may interact with the following medications: acetaminophen ( Tylenol ), antibiotics such as ampicillin and tetracycline , anticonvulsants ( Dilantin , Phenobarbital , Tegretol , Trileptal , Topamax , Felbatol ), antifungals ( Gris-PEG , Nizoral , Sporanox ), atorvastatin ( Lipitor ), clofibrate ( Atromid-S ), cyclosporine ( Neoral , Sandimmune ), HIV drugs classified as protease_inhibitors ( Agenerase , Crixivan , Fortovase , Invirase , Kaletra , Norvir , Viracept ), <e20> morphine </e20> ( Astramorph , Kadian , MS_Contin ), phenylbutazone , prednisolone ( Prelone ), rifadin ( rifampin ), St, Johns wort, temazepam , theophylline ( Theo-Dur ), and vitamin_C .
int	<e10> Etonogestrel </e10> may interact with the following medications: acetaminophen ( Tylenol ), antibiotics such as ampicillin and tetracycline , anticonvulsants ( Dilantin , Phenobarbital , Tegretol , Trileptal , Topamax , Felbatol ), antifungals ( Gris-PEG , Nizoral , Sporanox ), atorvastatin ( Lipitor ), clofibrate ( Atromid-S ), cyclosporine ( Neoral , Sandimmune ), HIV drugs classified as protease_inhibitors ( Agenerase , Crixivan , Fortovase , Invirase , Kaletra , Norvir , Viracept ), morphine ( <e21> Astramorph </e21> , Kadian , MS_Contin ), phenylbutazone , prednisolone ( Prelone ), rifadin ( rifampin ), St, Johns wort, temazepam , theophylline ( Theo-Dur ), and vitamin_C .
int	<e10> Etonogestrel </e10> may interact with the following medications: acetaminophen ( Tylenol ), antibiotics such as ampicillin and tetracycline , anticonvulsants ( Dilantin , Phenobarbital , Tegretol , Trileptal , Topamax , Felbatol ), antifungals ( Gris-PEG , Nizoral , Sporanox ), atorvastatin ( Lipitor ), clofibrate ( Atromid-S ), cyclosporine ( Neoral , Sandimmune ), HIV drugs classified as protease_inhibitors ( Agenerase , Crixivan , Fortovase , Invirase , Kaletra , Norvir , Viracept ), morphine ( Astramorph , <e21> Kadian </e21> , MS_Contin ), phenylbutazone , prednisolone ( Prelone ), rifadin ( rifampin ), St, Johns wort, temazepam , theophylline ( Theo-Dur ), and vitamin_C .
int	<e10> Etonogestrel </e10> may interact with the following medications: acetaminophen ( Tylenol ), antibiotics such as ampicillin and tetracycline , anticonvulsants ( Dilantin , Phenobarbital , Tegretol , Trileptal , Topamax , Felbatol ), antifungals ( Gris-PEG , Nizoral , Sporanox ), atorvastatin ( Lipitor ), clofibrate ( Atromid-S ), cyclosporine ( Neoral , Sandimmune ), HIV drugs classified as protease_inhibitors ( Agenerase , Crixivan , Fortovase , Invirase , Kaletra , Norvir , Viracept ), morphine ( Astramorph , Kadian , <e21> MS_Contin </e21> ), phenylbutazone , prednisolone ( Prelone ), rifadin ( rifampin ), St, Johns wort, temazepam , theophylline ( Theo-Dur ), and vitamin_C .
int	<e10> Etonogestrel </e10> may interact with the following medications: acetaminophen ( Tylenol ), antibiotics such as ampicillin and tetracycline , anticonvulsants ( Dilantin , Phenobarbital , Tegretol , Trileptal , Topamax , Felbatol ), antifungals ( Gris-PEG , Nizoral , Sporanox ), atorvastatin ( Lipitor ), clofibrate ( Atromid-S ), cyclosporine ( Neoral , Sandimmune ), HIV drugs classified as protease_inhibitors ( Agenerase , Crixivan , Fortovase , Invirase , Kaletra , Norvir , Viracept ), morphine ( Astramorph , Kadian , MS_Contin ), <e20> phenylbutazone </e20> , prednisolone ( Prelone ), rifadin ( rifampin ), St, Johns wort, temazepam , theophylline ( Theo-Dur ), and vitamin_C .
int	<e10> Etonogestrel </e10> may interact with the following medications: acetaminophen ( Tylenol ), antibiotics such as ampicillin and tetracycline , anticonvulsants ( Dilantin , Phenobarbital , Tegretol , Trileptal , Topamax , Felbatol ), antifungals ( Gris-PEG , Nizoral , Sporanox ), atorvastatin ( Lipitor ), clofibrate ( Atromid-S ), cyclosporine ( Neoral , Sandimmune ), HIV drugs classified as protease_inhibitors ( Agenerase , Crixivan , Fortovase , Invirase , Kaletra , Norvir , Viracept ), morphine ( Astramorph , Kadian , MS_Contin ), phenylbutazone , <e20> prednisolone </e20> ( Prelone ), rifadin ( rifampin ), St, Johns wort, temazepam , theophylline ( Theo-Dur ), and vitamin_C .
int	<e10> Etonogestrel </e10> may interact with the following medications: acetaminophen ( Tylenol ), antibiotics such as ampicillin and tetracycline , anticonvulsants ( Dilantin , Phenobarbital , Tegretol , Trileptal , Topamax , Felbatol ), antifungals ( Gris-PEG , Nizoral , Sporanox ), atorvastatin ( Lipitor ), clofibrate ( Atromid-S ), cyclosporine ( Neoral , Sandimmune ), HIV drugs classified as protease_inhibitors ( Agenerase , Crixivan , Fortovase , Invirase , Kaletra , Norvir , Viracept ), morphine ( Astramorph , Kadian , MS_Contin ), phenylbutazone , prednisolone ( <e21> Prelone </e21> ), rifadin ( rifampin ), St, Johns wort, temazepam , theophylline ( Theo-Dur ), and vitamin_C .
int	<e10> Etonogestrel </e10> may interact with the following medications: acetaminophen ( Tylenol ), antibiotics such as ampicillin and tetracycline , anticonvulsants ( Dilantin , Phenobarbital , Tegretol , Trileptal , Topamax , Felbatol ), antifungals ( Gris-PEG , Nizoral , Sporanox ), atorvastatin ( Lipitor ), clofibrate ( Atromid-S ), cyclosporine ( Neoral , Sandimmune ), HIV drugs classified as protease_inhibitors ( Agenerase , Crixivan , Fortovase , Invirase , Kaletra , Norvir , Viracept ), morphine ( Astramorph , Kadian , MS_Contin ), phenylbutazone , prednisolone ( Prelone ), <e21> rifadin </e21> ( rifampin ), St, Johns wort, temazepam , theophylline ( Theo-Dur ), and vitamin_C .
int	<e10> Etonogestrel </e10> may interact with the following medications: acetaminophen ( Tylenol ), antibiotics such as ampicillin and tetracycline , anticonvulsants ( Dilantin , Phenobarbital , Tegretol , Trileptal , Topamax , Felbatol ), antifungals ( Gris-PEG , Nizoral , Sporanox ), atorvastatin ( Lipitor ), clofibrate ( Atromid-S ), cyclosporine ( Neoral , Sandimmune ), HIV drugs classified as protease_inhibitors ( Agenerase , Crixivan , Fortovase , Invirase , Kaletra , Norvir , Viracept ), morphine ( Astramorph , Kadian , MS_Contin ), phenylbutazone , prednisolone ( Prelone ), rifadin ( <e20> rifampin </e20> ), St, Johns wort, temazepam , theophylline ( Theo-Dur ), and vitamin_C .
int	<e10> Etonogestrel </e10> may interact with the following medications: acetaminophen ( Tylenol ), antibiotics such as ampicillin and tetracycline , anticonvulsants ( Dilantin , Phenobarbital , Tegretol , Trileptal , Topamax , Felbatol ), antifungals ( Gris-PEG , Nizoral , Sporanox ), atorvastatin ( Lipitor ), clofibrate ( Atromid-S ), cyclosporine ( Neoral , Sandimmune ), HIV drugs classified as protease_inhibitors ( Agenerase , Crixivan , Fortovase , Invirase , Kaletra , Norvir , Viracept ), morphine ( Astramorph , Kadian , MS_Contin ), phenylbutazone , prednisolone ( Prelone ), rifadin ( rifampin ), St, Johns wort, <e20> temazepam </e20> , theophylline ( Theo-Dur ), and vitamin_C .
int	<e10> Etonogestrel </e10> may interact with the following medications: acetaminophen ( Tylenol ), antibiotics such as ampicillin and tetracycline , anticonvulsants ( Dilantin , Phenobarbital , Tegretol , Trileptal , Topamax , Felbatol ), antifungals ( Gris-PEG , Nizoral , Sporanox ), atorvastatin ( Lipitor ), clofibrate ( Atromid-S ), cyclosporine ( Neoral , Sandimmune ), HIV drugs classified as protease_inhibitors ( Agenerase , Crixivan , Fortovase , Invirase , Kaletra , Norvir , Viracept ), morphine ( Astramorph , Kadian , MS_Contin ), phenylbutazone , prednisolone ( Prelone ), rifadin ( rifampin ), St, Johns wort, temazepam , <e20> theophylline </e20> ( Theo-Dur ), and vitamin_C .
int	<e10> Etonogestrel </e10> may interact with the following medications: acetaminophen ( Tylenol ), antibiotics such as ampicillin and tetracycline , anticonvulsants ( Dilantin , Phenobarbital , Tegretol , Trileptal , Topamax , Felbatol ), antifungals ( Gris-PEG , Nizoral , Sporanox ), atorvastatin ( Lipitor ), clofibrate ( Atromid-S ), cyclosporine ( Neoral , Sandimmune ), HIV drugs classified as protease_inhibitors ( Agenerase , Crixivan , Fortovase , Invirase , Kaletra , Norvir , Viracept ), morphine ( Astramorph , Kadian , MS_Contin ), phenylbutazone , prednisolone ( Prelone ), rifadin ( rifampin ), St, Johns wort, temazepam , theophylline ( <e21> Theo-Dur </e21> ), and vitamin_C .
int	<e10> Etonogestrel </e10> may interact with the following medications: acetaminophen ( Tylenol ), antibiotics such as ampicillin and tetracycline , anticonvulsants ( Dilantin , Phenobarbital , Tegretol , Trileptal , Topamax , Felbatol ), antifungals ( Gris-PEG , Nizoral , Sporanox ), atorvastatin ( Lipitor ), clofibrate ( Atromid-S ), cyclosporine ( Neoral , Sandimmune ), HIV drugs classified as protease_inhibitors ( Agenerase , Crixivan , Fortovase , Invirase , Kaletra , Norvir , Viracept ), morphine ( Astramorph , Kadian , MS_Contin ), phenylbutazone , prednisolone ( Prelone ), rifadin ( rifampin ), St, Johns wort, temazepam , theophylline ( Theo-Dur ), and <e20> vitamin_C </e20> .
int	Drug Interactions: <e10> Flupenthixol </e10> may interact with some drugs, like <e22> Monoamine_oxidase_inhibitors </e22> ( MAOI ): MAOI could theoretically affect flupenthixol pharmacodynamics - Arecoline - Eproxindine - Ethanol : Flupenthixol and Ethanol cause additive CNS depression - Tricyclic_antidepressants : Flupenthixol increases the effect of Tricyclic_antidepressants
int	Drug Interactions: <e10> Flupenthixol </e10> may interact with some drugs, like Monoamine_oxidase_inhibitors ( <e22> MAOI </e22> ): MAOI could theoretically affect flupenthixol pharmacodynamics - Arecoline - Eproxindine - Ethanol : Flupenthixol and Ethanol cause additive CNS depression - Tricyclic_antidepressants : Flupenthixol increases the effect of Tricyclic_antidepressants
int	<e10> Flurbiprofen </e10> did not affect the pharmacokinetic profile of either drug, and the mechanism under lying the interference with <e20> propranolol </e20> s hypotensive effect is unknown.
int	Although it has not been definitively demonstrated that fluvoxamine is a potent IIIA4 inhibitor, it is likely to be, given the substantial interaction of <e10> fluvoxamine </e10> with <e20> alprazolam </e20> .
int	Medications can interfere with folate utilization, including: anticonvulsant_medications (such as phenytoin , and primidone ) metformin (sometimes prescribed to control blood sugar in type # diabetes) sulfasalazine (used to control inflammation associated with Crohns disease and ulcerative colitis) triamterene (a diuretic ) Methotrexate There has been concern about the interaction between <e10> vitamin_B12 </e10> and <e20> folic_acid </e20> .
int	A possible drug interaction of <e11> FOSCAVIR </e11> and intravenous <e20> pentamidine </e20> has been described.
int	A possible interaction between <e10> glyburide </e10> and <e20> ciprofloxacin </e20> , a fluoroquinolone_antibiotic , has been reported, resulting in a potentiation of the hypoglycemic action of glyburide .
int	A potential interaction between oral <e10> miconazole </e10> and oral <e22> hypoglycemic_agents </e22> leading to severe hypoglycemia has been reported.
int	The effect of concomitant administration of <e10> fluconazole </e10> and <e20> glipizide </e20> has been demonstrated in a placebo-controlled crossover study in normal volunteers.
int	Interactions may occur between <e10> EPA </e10> supplements and <e21> aspirin </e21> and other non-steroidal_anti-inflammatory_drugs and herbs such as garlic (Allium sativum) and ginkgo ( Ginkgo_biloba ).
int	Interactions may occur between <e10> EPA </e10> supplements and aspirin and other <e22> non-steroidal_anti-inflammatory_drugs </e22> and herbs such as garlic (Allium sativum) and ginkgo ( Ginkgo_biloba ).
int	Interactions may occur between <e10> EPA </e10> supplements and aspirin and other non-steroidal_anti-inflammatory_drugs and herbs such as garlic (Allium sativum) and <e20> ginkgo </e20> ( Ginkgo_biloba ).
int	Interactions may occur between <e10> EPA </e10> supplements and aspirin and other non-steroidal_anti-inflammatory_drugs and herbs such as garlic (Allium sativum) and ginkgo ( <e20> Ginkgo_biloba </e20> ).
int	The extent to which <e12> SSRI </e12> - <e22> TCA </e22> interactions may pose clinical problems will depend on the degree of inhibition, and the pharmacokinetics of the SSRI involved.
int	Ketoconazole : Potential interaction of <e10> Ketoconazole </e10> and <e20> Isoniazid </e20> may exist.
int	Therefore, <e10> linezolid </e10> has the potential for interaction with <e22> adrenergic </e22> and serotonergic_agents .
int	Therefore, <e10> linezolid </e10> has the potential for interaction with adrenergic and <e22> serotonergic_agents </e22> .
int	Caution should be exercised when administering nabumetone with <e10> warfarin </e10> since interactions have been seen with other <e22> NSAIDs </e22> .
int	When administered concurrently, the following drugs may interact with <e12> beta-adrenergic_receptor_blocking_agents </e12> : <e22> Anesthetics </e22> , general: exaggeration of the hypotension induced by general anesthetics .
int	The in vitro interaction between <e10> nevirapine </e10> and the antithrombotic_agent <e20> warfarin </e20> is complex.
int	Digitalis : Immediate Release Capsules: Since there have been isolated reports of patients with elevated digoxin levels, and there is a possible interaction between <e10> digoxin </e10> and <e20> nifedipine </e20> , it is recommended that digoxin levels be monitored when initiating, adjusting, and discontinuing nifedipine to avoid possible over- or under-digitalization.
int	<e10> Sulfacetamide </e10> preparations are incompatible with <e20> silver </e20> preparations.
int	<e10> Sulfapyridine </e10> may interact with any of the following: - <e20> Acetaminophen </e20> (e,g,, Tylenol ) (with long-term, high-dose use) or
int	<e10> Sulfapyridine </e10> may interact with any of the following: - Acetaminophen (e,g,, <e21> Tylenol </e21> ) (with long-term, high-dose use) or
